Howe's ID,Howe's Name,USDA Name,USDA Manufacturer,USDA ID
7745,"Pero Freshwrap Cucumber, Organic",NO MATCHES,NO MATCHES,NO MATCHES
7752,"GreenWise Carrot Chips, Organic",NO MATCHES,NO MATCHES,NO MATCHES
7760,"Pero Freshwrap Bell Pepper, Organic, Green",NO MATCHES,NO MATCHES,NO MATCHES
7920,"Monterey Clean N Ready Mushrooms, Sliced",NO MATCHES,NO MATCHES,NO MATCHES
7921,Phillips Gourmet Portabella Mushroom Caps,NO MATCHES,NO MATCHES,NO MATCHES
7929,Gala Apples Medium,"Apples, raw, gala, with skin (Includes foods for USDA's Food Distribution Program)",none,09503
7936,Strawberries,"Strawberries, raw",none,09316
7936,Strawberries,"Guavas, strawberry, raw",none,09140
7936,Strawberries,"Strawberries, frozen, unsweetened (Includes foods for USDA's Food Distribution Program)",none,09318
7936,Strawberries,"Strawberries, frozen, sweetened, sliced",none,09320
7936,Strawberries,"Strawberries, canned, heavy syrup pack, solids and liquids",none,09317
7936,Strawberries,"Fruit juice smoothie, BOLTHOUSE FARMS, strawberry banana","Wm. Bolthouse Farms, Inc.",09516
7936,Strawberries,"Fruit juice smoothie, ODWALLA, strawberry banana",Odwalla,09530
7936,Strawberries,"Fruit juice smoothie, NAKED JUICE, strawberry banana","Naked Juice Co. of Glendora, Inc.",09531
7936,Strawberries,SILK Strawberry soy yogurt,WhiteWave Foods Company,16253
7936,Strawberries,SILK Banana-Strawberry soy yogurt,WhiteWave Foods Company,16259
7947,Oranges,"Cranberry-orange relish, canned",none,09082
7947,Oranges,"Oranges, raw, California, valencias",none,09201
7947,Oranges,"Oranges, raw, navels (Includes foods for USDA's Food Distribution Program)",none,09202
7947,Oranges,"Oranges, raw, Florida",none,09203
7947,Oranges,"Oranges, raw, with peel",none,09205
7947,Oranges,"Orange juice, raw (Includes foods for USDA's Food Distribution Program)",none,09206
7947,Oranges,"Orange juice, canned, unsweetened",none,09207
7947,Oranges,"Orange peel, raw",none,09216
7947,Oranges,"Tangerines, (mandarin oranges), raw",none,09218
7947,Oranges,Orange Pineapple Juice Blend,none,09452
7947,Oranges,"Oranges, raw, all commercial varieties",none,09200
7947,Oranges,"Orange juice, chilled, includes from concentrate",none,09209
7947,Oranges,"Orange juice, frozen concentrate, unsweetened, undiluted",none,09214
7947,Oranges,"Orange-grapefruit juice, canned or bottled, unsweetened",none,09217
7947,Oranges,"Tangerines, (mandarin oranges), canned, juice pack",none,09219
7947,Oranges,"Tangerines, (mandarin oranges), canned, light syrup pack",none,09220
7947,Oranges,"Tangerines, (mandarin oranges), canned, juice pack, drained",none,09383
7947,Oranges,"Orange juice, chilled, includes from concentrate, with added calcium",none,09211
7947,Oranges,"Orange juice, frozen concentrate, unsweetened, undiluted, with added calcium",none,09213
7947,Oranges,"Orange juice, chilled, includes from concentrate, with added calcium and vitamin D",none,09210
7947,Oranges,"Orange juice, frozen concentrate, unsweetened, diluted with 3 volume water, with added calcium",none,09212
7947,Oranges,"Orange juice, frozen concentrate, unsweetened, diluted with 3 volume water",none,09215
7947,Oranges,"Orange juice, chilled, includes from concentrate, with added calcium and vitamins A, D, E",none,09506
7947,Oranges,"Tomatoes, orange, raw",none,11695
7960,Potted Basil,NO MATCHES,NO MATCHES,NO MATCHES
7970,"Howes Sliced Onions and Squash, Large",NO MATCHES,NO MATCHES,NO MATCHES
7971,Howes Sliced Squash,NO MATCHES,NO MATCHES,NO MATCHES
7973,"Howes Sliced Squash, Medium",NO MATCHES,NO MATCHES,NO MATCHES
7979,Howes Green Bean Almond,"Vegetables, mixed (corn, lima beans, peas, green beans, carrots) canned, no salt added",none,43312
7979,Howes Green Bean Almond,"Beans, snap, green, raw",none,11052
7979,Howes Green Bean Almond,"Beans, snap, green, microwaved",none,11063
7979,Howes Green Bean Almond,"Beans, snap, green, frozen, all styles, unprepared (Includes foods for USDA's Food Distribution Program)",none,11060
7979,Howes Green Bean Almond,"Beans, snap, green, frozen, all styles, microwaved",none,11062
7979,Howes Green Bean Almond,"Beans, snap, green, cooked, boiled, drained, without salt",none,11053
7979,Howes Green Bean Almond,"Beans, snap, green, canned, regular pack, solids and liquids",none,11054
7979,Howes Green Bean Almond,"Beans, snap, green, canned, regular pack, drained solids",none,11056
7979,Howes Green Bean Almond,"Beans, snap, green, frozen, cooked, boiled, drained without salt",none,11061
7979,Howes Green Bean Almond,"Beans, snap, green, cooked, boiled, drained, with salt",none,11723
7979,Howes Green Bean Almond,"Beans, snap, green, canned, no salt added, solids and liquids",none,11726
7979,Howes Green Bean Almond,"Beans, snap, green, canned, no salt added, drained solids",none,11729
7979,Howes Green Bean Almond,"Beans, snap, green, frozen, cooked, boiled, drained, with salt",none,11731
7989,Howes Cauliflower Pepper Medley,NO MATCHES,NO MATCHES,NO MATCHES
8012,Cantaloupe,"Melons, cantaloupe, raw",none,09181
8026,Howes Crinkle Cut Carrots,"Potatoes, french fried, crinkle or regular cut, salt added in processing, frozen, oven-heated",none,11360
8026,Howes Crinkle Cut Carrots,"Potatoes, french fried, crinkle or regular cut, salt added in processing, frozen, as purchased",none,11359
8027,Howes Baby Cut Carrots,"Carrots, baby, raw",none,11960
8034,Howes Yellow Onions,"Onions, yellow, sauteed",none,11286
8038,Yellow Onions,"Onions, yellow, sauteed",none,11286
8052,Russet Potatoes Extra Large,NO MATCHES,NO MATCHES,NO MATCHES
8069,"Potato Inspirations Potatoes, Fingerling Medley",NO MATCHES,NO MATCHES,NO MATCHES
8073,Vine-Ripe Tomatoes,NO MATCHES,NO MATCHES,NO MATCHES
8078,Sunset One Sweet Tomatoes,NO MATCHES,NO MATCHES,NO MATCHES
8084,Cherubs Tomatoes,NO MATCHES,NO MATCHES,NO MATCHES
8096,Coconut,"Nuts, coconut water (liquid from coconuts)",none,12119
8096,Coconut,"Nuts, coconut meat, raw",none,12104
8096,Coconut,"Nuts, coconut meat, dried (desiccated), toasted",none,12114
8096,Coconut,"Nuts, coconut meat, dried (desiccated), creamed",none,12177
8096,Coconut,"Nuts, coconut meat, dried (desiccated), not sweetened",none,12108
8096,Coconut,"Nuts, coconut meat, dried (desiccated), sweetened, flaked, packaged",none,12109
8096,Coconut,"Nuts, coconut meat, dried (desiccated), sweetened, flaked, canned",none,12110
8096,Coconut,"Nuts, coconut meat, dried (desiccated), sweetened, shredded",none,12179
8096,Coconut,"Nuts, coconut cream, raw (liquid expressed from grated meat)",none,12115
8096,Coconut,"Nuts, coconut milk, raw (liquid expressed from grated meat and water)",none,12117
8096,Coconut,"Nuts, coconut milk, canned (liquid expressed from grated meat and water)",none,12118
8096,Coconut,"Nuts, coconut milk, frozen (liquid expressed from grated meat and water)",none,12176
8096,Coconut,"Nuts, coconut cream, canned, sweetened",none,12116
8097,Honey Mango,NO MATCHES,NO MATCHES,NO MATCHES
8107,GreenWise Organic Yellow Squash Wrapped,NO MATCHES,NO MATCHES,NO MATCHES
8112,Broccoli,"Broccoli raab, raw",none,11096
8112,Broccoli,"Broccoli raab, cooked",none,11097
8112,Broccoli,"Broccoli, raw",none,11090
8112,Broccoli,"Broccoli, frozen, chopped, unprepared",none,11092
8112,Broccoli,"Broccoli, frozen, spears, unprepared (Includes foods for USDA's Food Distribution Program)",none,11094
8112,Broccoli,"Broccoli, leaves, raw",none,11739
8112,Broccoli,"Broccoli, flower clusters, raw",none,11740
8112,Broccoli,"Broccoli, stalks, raw",none,11741
8112,Broccoli,"Broccoli, chinese, cooked",none,11969
8112,Broccoli,"Broccoli, chinese, raw",none,11994
8112,Broccoli,"Broccoli, cooked, boiled, drained, without salt",none,11091
8112,Broccoli,"Broccoli, cooked, boiled, drained, with salt",none,11742
8112,Broccoli,"Broccoli, frozen, chopped, cooked, boiled, drained, without salt",none,11093
8112,Broccoli,"Broccoli, frozen, spears, cooked, boiled, drained, without salt",none,11095
8112,Broccoli,"Broccoli, frozen, chopped, cooked, boiled, drained, with salt",none,11743
8112,Broccoli,"Broccoli, frozen, spears, cooked, boiled, drained, with salt",none,11744
8114,Howes Broccoli Florets,NO MATCHES,NO MATCHES,NO MATCHES
8119,Yellow Corn 4 Pack,"Corn, sweet, yellow, canned, brine pack, regular pack, solids and liquids",none,11170
8119,Yellow Corn 4 Pack,"Corn, sweet, yellow, canned, vacuum pack, regular pack",none,11176
8119,Yellow Corn 4 Pack,"Corn, sweet, yellow, canned, cream style, regular pack",none,11174
8119,Yellow Corn 4 Pack,"Corn, sweet, yellow, canned, vacuum pack, no salt added",none,11773
8120,Bi-Color Corn,NO MATCHES,NO MATCHES,NO MATCHES
8127,Poblano Peppers,NO MATCHES,NO MATCHES,NO MATCHES
8142,Spaghetti Squash,"Squash, winter, spaghetti, raw",none,11492
8142,Spaghetti Squash,"Squash, winter, spaghetti, cooked, boiled, drained, or baked, without salt",none,11493
8142,Spaghetti Squash,"Squash, winter, spaghetti, cooked, boiled, drained, or baked, with salt",none,11870
8143,Acorn Squash,"Squash, winter, acorn, raw",none,11482
8143,Acorn Squash,"Squash, winter, acorn, cooked, baked, without salt",none,11483
8143,Acorn Squash,"Squash, winter, acorn, cooked, baked, with salt",none,11864
8143,Acorn Squash,"Squash, winter, acorn, cooked, boiled, mashed, without salt",none,11484
8143,Acorn Squash,"Squash, winter, acorn, cooked, boiled, mashed, with salt",none,11865
8176,Bosc Pears Large,"Pears, raw, bosc (Includes foods for USDA's Food Distribution Program)",none,09414
10775,Gala Apples Large,"Apples, raw, gala, with skin (Includes foods for USDA's Food Distribution Program)",none,09503
10776,Honeycrisp Apples Large,NO MATCHES,NO MATCHES,NO MATCHES
10777,Red Delicious Apples Large,"Apples, raw, red delicious, with skin (Includes foods for USDA's Food Distribution Program)",none,09500
10778,Granny Smith Apples Large,"Apples, raw, granny smith, with skin (Includes foods for USDA's Food Distribution Program)",none,09502
10779,Fuji Apples Large,"Apples, raw, fuji, with skin (Includes foods for USDA's Food Distribution Program)",none,09504
10780,Ambrosia Apples Large,NO MATCHES,NO MATCHES,NO MATCHES
10781,Golden Delicious Apples Large,"Apples, raw, golden delicious, with skin",none,09501
10782,Gala Apples Medium,"Apples, raw, gala, with skin (Includes foods for USDA's Food Distribution Program)",none,09503
10783,Apples Pink Lady Large,NO MATCHES,NO MATCHES,NO MATCHES
10784,Granny Smith Apples Medium,"Apples, raw, granny smith, with skin (Includes foods for USDA's Food Distribution Program)",none,09502
10785,McIntosh Apples Large,NO MATCHES,NO MATCHES,NO MATCHES
10786,Red Delicious Apples Medium,"Apples, raw, red delicious, with skin (Includes foods for USDA's Food Distribution Program)",none,09500
10787,Fuji Apples Medium,"Apples, raw, fuji, with skin (Includes foods for USDA's Food Distribution Program)",none,09504
10788,Apples Envy Large,NO MATCHES,NO MATCHES,NO MATCHES
10789,Strawberries,"Strawberries, raw",none,09316
10789,Strawberries,"Guavas, strawberry, raw",none,09140
10789,Strawberries,"Strawberries, frozen, unsweetened (Includes foods for USDA's Food Distribution Program)",none,09318
10789,Strawberries,"Strawberries, frozen, sweetened, sliced",none,09320
10789,Strawberries,"Strawberries, canned, heavy syrup pack, solids and liquids",none,09317
10789,Strawberries,"Fruit juice smoothie, BOLTHOUSE FARMS, strawberry banana","Wm. Bolthouse Farms, Inc.",09516
10789,Strawberries,"Fruit juice smoothie, ODWALLA, strawberry banana",Odwalla,09530
10789,Strawberries,"Fruit juice smoothie, NAKED JUICE, strawberry banana","Naked Juice Co. of Glendora, Inc.",09531
10789,Strawberries,SILK Strawberry soy yogurt,WhiteWave Foods Company,16253
10789,Strawberries,SILK Banana-Strawberry soy yogurt,WhiteWave Foods Company,16259
10790,Red Raspberries,"Raspberries, frozen, red, sweetened",none,09306
10790,Red Raspberries,"Raspberries, frozen, red, unsweetened",none,09518
10790,Red Raspberries,"Raspberries, canned, red, heavy syrup pack, solids and liquids",none,09304
10791,Blueberries,"Blueberries, raw",none,09050
10791,Blueberries,"Blueberries, wild, frozen (Includes foods for USDA's Food Distribution Program)",none,09053
10791,Blueberries,"Blueberries, frozen, unsweetened (Includes foods for USDA's Food Distribution Program)",none,09054
10791,Blueberries,"Blueberries, frozen, sweetened",none,09055
10791,Blueberries,"Blueberries, dried, sweetened",none,09163
10791,Blueberries,"Blueberries, canned, light syrup, drained",none,09352
10791,Blueberries,"Blueberries, canned, heavy syrup, solids and liquids",none,09052
10791,Blueberries,"Blueberries, wild, canned, heavy syrup, drained",none,09353
10791,Blueberries,SILK Blueberry soy yogurt,WhiteWave Foods Company,16257
10792,Blackberries,"Blackberries, raw",none,09042
10792,Blackberries,"Blackberry juice, canned",none,09043
10792,Blackberries,"Blackberries, frozen, unsweetened",none,09048
10792,Blackberries,"Blackberries, canned, heavy syrup, solids and liquids",none,09046
10793,White Seedless Grapes,"Grapes, red or green (European type, such as Thompson seedless), raw",none,09132
10793,White Seedless Grapes,"Grapes, canned, thompson seedless, water pack, solids and liquids",none,09133
10793,White Seedless Grapes,"Grapes, canned, thompson seedless, heavy syrup pack, solids and liquids",none,09134
10794,Red Seedless Grapes,"Grapes, red or green (European type, such as Thompson seedless), raw",none,09132
10794,Red Seedless Grapes,"Grapes, canned, thompson seedless, water pack, solids and liquids",none,09133
10794,Red Seedless Grapes,"Grapes, canned, thompson seedless, heavy syrup pack, solids and liquids",none,09134
10794,Red Seedless Grapes,"Ruby Red grapefruit juice blend (grapefruit, grape, apple), OCEAN SPRAY, bottled, with added vitamin C","Ocean Spray Cranberries, Inc.",09528
10795,Lemons,"Lemon juice from concentrate, bottled, REAL LEMON",none,09524
10795,Lemons,"Lemons, raw, without peel",none,09150
10795,Lemons,"Lemon juice, raw",none,09152
10795,Lemons,"Lemon peel, raw",none,09156
10795,Lemons,"Lemon juice from concentrate, canned or bottled",none,09153
10795,Lemons,"Lemon juice from concentrate, bottled, CONCORD",Concord Foods,09523
10795,Lemons,"Lemon grass (citronella), raw",none,11972
10796,Persian Limes,NO MATCHES,NO MATCHES,NO MATCHES
10797,Naval Oranges,NO MATCHES,NO MATCHES,NO MATCHES
10798,Minneola Tangelos,NO MATCHES,NO MATCHES,NO MATCHES
10799,Red Grapefruit,"Ruby Red grapefruit juice blend (grapefruit, grape, apple), OCEAN SPRAY, bottled, with added vitamin C","Ocean Spray Cranberries, Inc.",09528
10799,Red Grapefruit,"Grapefruit, raw, pink and red, Florida",none,09114
10799,Red Grapefruit,"Grapefruit, raw, pink and red and white, all areas",none,09111
10799,Red Grapefruit,"Grapefruit, raw, pink and red, all areas",none,09112
10799,Red Grapefruit,"Grapefruit, raw, pink and red, California and Arizona",none,09113
10799,Red Grapefruit,"Grapefruit juice, pink or red, with added calcium",none,09127
10800,Oranges,"Cranberry-orange relish, canned",none,09082
10800,Oranges,"Oranges, raw, California, valencias",none,09201
10800,Oranges,"Oranges, raw, navels (Includes foods for USDA's Food Distribution Program)",none,09202
10800,Oranges,"Oranges, raw, Florida",none,09203
10800,Oranges,"Oranges, raw, with peel",none,09205
10800,Oranges,"Orange juice, raw (Includes foods for USDA's Food Distribution Program)",none,09206
10800,Oranges,"Orange juice, canned, unsweetened",none,09207
10800,Oranges,"Orange peel, raw",none,09216
10800,Oranges,"Tangerines, (mandarin oranges), raw",none,09218
10800,Oranges,Orange Pineapple Juice Blend,none,09452
10800,Oranges,"Oranges, raw, all commercial varieties",none,09200
10800,Oranges,"Orange juice, chilled, includes from concentrate",none,09209
10800,Oranges,"Orange juice, frozen concentrate, unsweetened, undiluted",none,09214
10800,Oranges,"Orange-grapefruit juice, canned or bottled, unsweetened",none,09217
10800,Oranges,"Tangerines, (mandarin oranges), canned, juice pack",none,09219
10800,Oranges,"Tangerines, (mandarin oranges), canned, light syrup pack",none,09220
10800,Oranges,"Tangerines, (mandarin oranges), canned, juice pack, drained",none,09383
10800,Oranges,"Orange juice, chilled, includes from concentrate, with added calcium",none,09211
10800,Oranges,"Orange juice, frozen concentrate, unsweetened, undiluted, with added calcium",none,09213
10800,Oranges,"Orange juice, chilled, includes from concentrate, with added calcium and vitamin D",none,09210
10800,Oranges,"Orange juice, frozen concentrate, unsweetened, diluted with 3 volume water, with added calcium",none,09212
10800,Oranges,"Orange juice, frozen concentrate, unsweetened, diluted with 3 volume water",none,09215
10800,Oranges,"Orange juice, chilled, includes from concentrate, with added calcium and vitamins A, D, E",none,09506
10800,Oranges,"Tomatoes, orange, raw",none,11695
10801,Dandy Celery Sticks,NO MATCHES,NO MATCHES,NO MATCHES
10802,IncredibleFresh Tri Pepper Mix,NO MATCHES,NO MATCHES,NO MATCHES
10803,"IncredibleFresh Celery, Diced",NO MATCHES,NO MATCHES,NO MATCHES
10804,"IncredibleFresh Tomato, Diced",NO MATCHES,NO MATCHES,NO MATCHES
10805,IncredibleFresh Tomato Trinity,NO MATCHES,NO MATCHES,NO MATCHES
10806,"IncredibleFresh Onion, Red, Diced",NO MATCHES,NO MATCHES,NO MATCHES
10807,"IncredibleFresh Green Onion, Sliced",NO MATCHES,NO MATCHES,NO MATCHES
10808,IncredibleFresh Trinity Mix,NO MATCHES,NO MATCHES,NO MATCHES
10809,Dandy Celery Sticks,NO MATCHES,NO MATCHES,NO MATCHES
10810,Cilantro,"Spices, coriander leaf, dried",none,02012
10810,Cilantro,"Coriander (cilantro) leaves, raw",none,11165
10811,Curly Parsley,NO MATCHES,NO MATCHES,NO MATCHES
10812,Italian Parsley,NO MATCHES,NO MATCHES,NO MATCHES
10813,Potted Basil,NO MATCHES,NO MATCHES,NO MATCHES
10814,B&W Baby Arugula,NO MATCHES,NO MATCHES,NO MATCHES
10815,"Florida Fresh Basil, Hydroponic",NO MATCHES,NO MATCHES,NO MATCHES
10816,B&W Watercress,NO MATCHES,NO MATCHES,NO MATCHES
10817,Dill,"Spices, dill seed",none,02016
10817,Dill,"Spices, dill weed, dried",none,02017
10817,Dill,"Dill weed, fresh",none,02045
10817,Dill,"Pickles, cucumber, dill or kosher dill",none,11937
10817,Dill,"Pickles, cucumber, dill, reduced sodium",none,11947
10818,"Florida Fresh Arugula, Hydroponic",NO MATCHES,NO MATCHES,NO MATCHES
10819,Watercress,"Watercress, raw",none,11591
10820,"Howes Peppers and Onions, Large",NO MATCHES,NO MATCHES,NO MATCHES
10821,"Howes Peppers and Onions, Medium",NO MATCHES,NO MATCHES,NO MATCHES
10822,Howes Asparagus Mushroom,NO MATCHES,NO MATCHES,NO MATCHES
10823,"Howes Sliced Onions and Squash, Large",NO MATCHES,NO MATCHES,NO MATCHES
10824,Howes Sliced Squash,NO MATCHES,NO MATCHES,NO MATCHES
10825,"Howes Butternut Squash, Medium","Squash, winter, butternut, raw",none,11485
10825,"Howes Butternut Squash, Medium","Squash, winter, butternut, frozen, unprepared",none,11487
10825,"Howes Butternut Squash, Medium","Squash, winter, butternut, cooked, baked, without salt",none,11486
10825,"Howes Butternut Squash, Medium","Squash, winter, butternut, cooked, baked, with salt",none,11866
10825,"Howes Butternut Squash, Medium","Squash, winter, butternut, frozen, cooked, boiled, without salt",none,11488
10825,"Howes Butternut Squash, Medium","Squash, winter, butternut, frozen, cooked, boiled, with salt",none,11867
10826,"Howes Sliced Squash, Medium",NO MATCHES,NO MATCHES,NO MATCHES
10827,"Howes Roast Steak and Pizza Toppings, Medium",NO MATCHES,NO MATCHES,NO MATCHES
10828,"Howes Sliced Onions and Squash, Medium",NO MATCHES,NO MATCHES,NO MATCHES
10829,"Howes Zucchini Squash Spirals, Medium",NO MATCHES,NO MATCHES,NO MATCHES
10830,Howes Seasoned Mushrooms,NO MATCHES,NO MATCHES,NO MATCHES
10831,"Howes Calabaza Squash, Cut",NO MATCHES,NO MATCHES,NO MATCHES
10832,Howes Green Bean Almond,"Vegetables, mixed (corn, lima beans, peas, green beans, carrots) canned, no salt added",none,43312
10832,Howes Green Bean Almond,"Beans, snap, green, raw",none,11052
10832,Howes Green Bean Almond,"Beans, snap, green, microwaved",none,11063
10832,Howes Green Bean Almond,"Beans, snap, green, frozen, all styles, unprepared (Includes foods for USDA's Food Distribution Program)",none,11060
10832,Howes Green Bean Almond,"Beans, snap, green, frozen, all styles, microwaved",none,11062
10832,Howes Green Bean Almond,"Beans, snap, green, cooked, boiled, drained, without salt",none,11053
10832,Howes Green Bean Almond,"Beans, snap, green, canned, regular pack, solids and liquids",none,11054
10832,Howes Green Bean Almond,"Beans, snap, green, canned, regular pack, drained solids",none,11056
10832,Howes Green Bean Almond,"Beans, snap, green, frozen, cooked, boiled, drained without salt",none,11061
10832,Howes Green Bean Almond,"Beans, snap, green, cooked, boiled, drained, with salt",none,11723
10832,Howes Green Bean Almond,"Beans, snap, green, canned, no salt added, solids and liquids",none,11726
10832,Howes Green Bean Almond,"Beans, snap, green, canned, no salt added, drained solids",none,11729
10832,Howes Green Bean Almond,"Beans, snap, green, frozen, cooked, boiled, drained, with salt",none,11731
10833,"Howes Brussel Sprout Halves, Medium",NO MATCHES,NO MATCHES,NO MATCHES
10834,"Howes Sliced Zucchini Squash, Medium",NO MATCHES,NO MATCHES,NO MATCHES
10835,Howes Asparagus Green Bean,"Vegetables, mixed (corn, lima beans, peas, green beans, carrots) canned, no salt added",none,43312
10835,Howes Asparagus Green Bean,"Beans, snap, green, raw",none,11052
10835,Howes Asparagus Green Bean,"Beans, snap, green, microwaved",none,11063
10835,Howes Asparagus Green Bean,"Beans, snap, green, frozen, all styles, unprepared (Includes foods for USDA's Food Distribution Program)",none,11060
10835,Howes Asparagus Green Bean,"Beans, snap, green, frozen, all styles, microwaved",none,11062
10835,Howes Asparagus Green Bean,"Beans, snap, green, cooked, boiled, drained, without salt",none,11053
10835,Howes Asparagus Green Bean,"Beans, snap, green, canned, regular pack, solids and liquids",none,11054
10835,Howes Asparagus Green Bean,"Beans, snap, green, canned, regular pack, drained solids",none,11056
10835,Howes Asparagus Green Bean,"Beans, snap, green, frozen, cooked, boiled, drained without salt",none,11061
10835,Howes Asparagus Green Bean,"Beans, snap, green, cooked, boiled, drained, with salt",none,11723
10835,Howes Asparagus Green Bean,"Beans, snap, green, canned, no salt added, solids and liquids",none,11726
10835,Howes Asparagus Green Bean,"Beans, snap, green, canned, no salt added, drained solids",none,11729
10835,Howes Asparagus Green Bean,"Beans, snap, green, frozen, cooked, boiled, drained, with salt",none,11731
10836,"Howes Sweet Potato Fries, Medium","Sweet Potatoes, french fried, crosscut, frozen, unprepared",none,31024
10836,"Howes Sweet Potato Fries, Medium","Sweet Potatoes, french fried, frozen as packaged, salt added in processing",none,31023
10837,"Howes Garlic Brussel Sprouts, Medium",NO MATCHES,NO MATCHES,NO MATCHES
10838,"Howes Grape Tomato and Squash Spirals, Medium",NO MATCHES,NO MATCHES,NO MATCHES
10839,"Howes Pepper Rings, Medium",NO MATCHES,NO MATCHES,NO MATCHES
10840,Howes Napa Broccoli,NO MATCHES,NO MATCHES,NO MATCHES
10841,Howes Asparagus Broccoli Almond,NO MATCHES,NO MATCHES,NO MATCHES
10842,Howes Cauliflower Pepper Medley,NO MATCHES,NO MATCHES,NO MATCHES
10843,"Howes Sliced Yellow Squash, Medium",NO MATCHES,NO MATCHES,NO MATCHES
10844,"Howes Beet Chunks, Medium",NO MATCHES,NO MATCHES,NO MATCHES
10845,"Howes Sweet Potato Chunks, Medium",NO MATCHES,NO MATCHES,NO MATCHES
10846,"Howes Asparagus Peppers and Onions, Medium",NO MATCHES,NO MATCHES,NO MATCHES
10847,"Howes Yellow Squash Spirals, Medium",NO MATCHES,NO MATCHES,NO MATCHES
10848,"Howes Cauliflower, Medium",NO MATCHES,NO MATCHES,NO MATCHES
10849,"Howes Beet Spirals, Medium",NO MATCHES,NO MATCHES,NO MATCHES
10850,Butternut Squash Cut Half,NO MATCHES,NO MATCHES,NO MATCHES
10851,"Howes Sliced Squash Red Pepper, Medium",NO MATCHES,NO MATCHES,NO MATCHES
10852,"Howes Butternut Spirals, Medium",NO MATCHES,NO MATCHES,NO MATCHES
10853,"Howes Celery Root Spirals, Medium",NO MATCHES,NO MATCHES,NO MATCHES
10854,"Howes Daikon Spirals, Medium",NO MATCHES,NO MATCHES,NO MATCHES
10855,"Howes Sweet Potato Spirals, Medium",NO MATCHES,NO MATCHES,NO MATCHES
10856,Iceberg Lettuce,"Lettuce, iceberg (includes crisphead types), raw",none,11252
10857,Romaine Lettuce,"Lettuce, cos or romaine, raw",none,11251
10858,Green Leaf Lettuce,"Lettuce, green leaf, raw",none,11253
10858,Green Leaf Lettuce,"Lettuce, red leaf, raw",none,11257
10859,Red Leaf Lettuce,"Lettuce, red leaf, raw",none,11257
10859,Red Leaf Lettuce,"Lettuce, green leaf, raw",none,11253
10860,Butter Lettuce Hydroponic,NO MATCHES,NO MATCHES,NO MATCHES
10861,"Tanimura & Antle Lettuce, Artisan",NO MATCHES,NO MATCHES,NO MATCHES
10862,Boston Lettuce,"Lettuce, butterhead (includes boston and bibb types), raw",none,11250
10863,Endive,"Endive, raw",none,11213
10864,Cantaloupe,"Melons, cantaloupe, raw",none,09181
10865,Honeydew,"Melons, honeydew, raw",none,09184
10866,Red Seedless Watermelon,"Grapes, red or green (European type, such as Thompson seedless), raw",none,09132
10867,Mini Red Seedless Watermelon,NO MATCHES,NO MATCHES,NO MATCHES
10868,Sugarkiss Melon,NO MATCHES,NO MATCHES,NO MATCHES
10869,Howes Baby Cut Carrots,"Carrots, baby, raw",none,11960
10870,Howes Carrots,"Carrots, raw",none,11124
10870,Howes Carrots,"Carrot, dehydrated",none,11683
10870,Howes Carrots,"Carrots, frozen, unprepared (Includes foods for USDA's Food Distribution Program)",none,11130
10870,Howes Carrots,"Peas and carrots, frozen, unprepared",none,11322
10870,Howes Carrots,"Carrot juice, canned",none,11655
10870,Howes Carrots,"Carrots, baby, raw",none,11960
10870,Howes Carrots,"Carrots, cooked, boiled, drained, without salt",none,11125
10870,Howes Carrots,"Carrots, canned, regular pack, solids and liquids",none,11126
10870,Howes Carrots,"Carrots, canned, regular pack, drained solids",none,11128
10870,Howes Carrots,"Carrots, frozen, cooked, boiled, drained, without salt",none,11131
10870,Howes Carrots,"Peas and carrots, canned, regular pack, solids and liquids",none,11318
10870,Howes Carrots,"Carrots, cooked, boiled, drained, with salt",none,11757
10870,Howes Carrots,"Carrots, canned, no salt added, solids and liquids",none,11758
10870,Howes Carrots,"Carrots, canned, no salt added, drained solids",none,11759
10870,Howes Carrots,"Carrots, frozen, cooked, boiled, drained, with salt",none,11760
10870,Howes Carrots,"Peas and carrots, canned, no salt added, solids and liquids",none,11816
10870,Howes Carrots,"Peas and carrots, frozen, cooked, boiled, drained, without salt",none,11323
10870,Howes Carrots,"Peas and carrots, frozen, cooked, boiled, drained, with salt",none,11817
10870,Howes Carrots,"Vegetables, mixed (corn, lima beans, peas, green beans, carrots) canned, no salt added",none,43312
10871,"Howes Baby Carrots, Snack Size",NO MATCHES,NO MATCHES,NO MATCHES
10872,Howes Matchstick Carrots,NO MATCHES,NO MATCHES,NO MATCHES
10873,Howes Carrots,"Carrots, raw",none,11124
10873,Howes Carrots,"Carrot, dehydrated",none,11683
10873,Howes Carrots,"Carrots, frozen, unprepared (Includes foods for USDA's Food Distribution Program)",none,11130
10873,Howes Carrots,"Peas and carrots, frozen, unprepared",none,11322
10873,Howes Carrots,"Carrot juice, canned",none,11655
10873,Howes Carrots,"Carrots, baby, raw",none,11960
10873,Howes Carrots,"Carrots, cooked, boiled, drained, without salt",none,11125
10873,Howes Carrots,"Carrots, canned, regular pack, solids and liquids",none,11126
10873,Howes Carrots,"Carrots, canned, regular pack, drained solids",none,11128
10873,Howes Carrots,"Carrots, frozen, cooked, boiled, drained, without salt",none,11131
10873,Howes Carrots,"Peas and carrots, canned, regular pack, solids and liquids",none,11318
10873,Howes Carrots,"Carrots, cooked, boiled, drained, with salt",none,11757
10873,Howes Carrots,"Carrots, canned, no salt added, solids and liquids",none,11758
10873,Howes Carrots,"Carrots, canned, no salt added, drained solids",none,11759
10873,Howes Carrots,"Carrots, frozen, cooked, boiled, drained, with salt",none,11760
10873,Howes Carrots,"Peas and carrots, canned, no salt added, solids and liquids",none,11816
10873,Howes Carrots,"Peas and carrots, frozen, cooked, boiled, drained, without salt",none,11323
10873,Howes Carrots,"Peas and carrots, frozen, cooked, boiled, drained, with salt",none,11817
10873,Howes Carrots,"Vegetables, mixed (corn, lima beans, peas, green beans, carrots) canned, no salt added",none,43312
10874,Howes Baby Cut Carrots,"Carrots, baby, raw",none,11960
10875,Howes Carrot Sticks,NO MATCHES,NO MATCHES,NO MATCHES
10876,"Howes Mini Peeled Baby Carrots, Microwaveable",NO MATCHES,NO MATCHES,NO MATCHES
10877,Howes Dip Chip Carrots,NO MATCHES,NO MATCHES,NO MATCHES
10878,Howes Crinkle Cut Carrots,"Potatoes, french fried, crinkle or regular cut, salt added in processing, frozen, oven-heated",none,11360
10878,Howes Crinkle Cut Carrots,"Potatoes, french fried, crinkle or regular cut, salt added in processing, frozen, as purchased",none,11359
10879,Howes Baby Cut Carrots,"Carrots, baby, raw",none,11960
10880,Howes Carrots,"Carrots, raw",none,11124
10880,Howes Carrots,"Carrot, dehydrated",none,11683
10880,Howes Carrots,"Carrots, frozen, unprepared (Includes foods for USDA's Food Distribution Program)",none,11130
10880,Howes Carrots,"Peas and carrots, frozen, unprepared",none,11322
10880,Howes Carrots,"Carrot juice, canned",none,11655
10880,Howes Carrots,"Carrots, baby, raw",none,11960
10880,Howes Carrots,"Carrots, cooked, boiled, drained, without salt",none,11125
10880,Howes Carrots,"Carrots, canned, regular pack, solids and liquids",none,11126
10880,Howes Carrots,"Carrots, canned, regular pack, drained solids",none,11128
10880,Howes Carrots,"Carrots, frozen, cooked, boiled, drained, without salt",none,11131
10880,Howes Carrots,"Peas and carrots, canned, regular pack, solids and liquids",none,11318
10880,Howes Carrots,"Carrots, cooked, boiled, drained, with salt",none,11757
10880,Howes Carrots,"Carrots, canned, no salt added, solids and liquids",none,11758
10880,Howes Carrots,"Carrots, canned, no salt added, drained solids",none,11759
10880,Howes Carrots,"Carrots, frozen, cooked, boiled, drained, with salt",none,11760
10880,Howes Carrots,"Peas and carrots, canned, no salt added, solids and liquids",none,11816
10880,Howes Carrots,"Peas and carrots, frozen, cooked, boiled, drained, without salt",none,11323
10880,Howes Carrots,"Peas and carrots, frozen, cooked, boiled, drained, with salt",none,11817
10880,Howes Carrots,"Vegetables, mixed (corn, lima beans, peas, green beans, carrots) canned, no salt added",none,43312
10881,Green Scallion Onions,"Onions, spring or scallions (includes tops and bulb), raw",none,11291
10881,Green Scallion Onions,"Onions, young green, tops only",none,11292
10881,Green Scallion Onions,"Tomato products, canned, sauce, with onions, green peppers, and celery",none,11557
10882,Red Onions Jumbo,NO MATCHES,NO MATCHES,NO MATCHES
10883,White Onions Jumbo,NO MATCHES,NO MATCHES,NO MATCHES
10884,Yellow Onions Medium,"Onions, yellow, sauteed",none,11286
10885,Howes Yellow Onions,"Onions, yellow, sauteed",none,11286
10886,Garlic,"Abiyuch, raw",none,09427
10886,Garlic,"Spices, garlic powder",none,02020
10886,Garlic,"Garlic, raw",none,11215
10887,Sweet Onions Medium,"Onions, sweet, raw",none,11294
10887,Sweet Onions Medium,"Pickles, chowchow, with cauliflower onion mustard, sweet",none,11983
10888,Shallots,"Shallots, raw",none,11677
10888,Shallots,"Shallots, freeze-dried",none,11640
10889,Yellow Onions,"Onions, yellow, sauteed",none,11286
10890,Leeks,"Leeks, (bulb and lower leaf-portion), raw",none,11246
10890,Leeks,"Leeks, (bulb and lower-leaf portion), freeze-dried",none,11624
10890,Leeks,"Leeks, (bulb and lower leaf-portion), cooked, boiled, drained, without salt",none,11247
10890,Leeks,"Leeks, (bulb and lower leaf-portion), cooked, boiled, drained, with salt",none,11795
10891,Tri Package Garlic,NO MATCHES,NO MATCHES,NO MATCHES
10892,Jumbo Package Garlic,NO MATCHES,NO MATCHES,NO MATCHES
10893,White Onions Medium,NO MATCHES,NO MATCHES,NO MATCHES
10894,Peeled Garlic,NO MATCHES,NO MATCHES,NO MATCHES
10895,Bagged Garlic,NO MATCHES,NO MATCHES,NO MATCHES
10896,"Tanimura & Antle Sweet Red Onions, Medium",NO MATCHES,NO MATCHES,NO MATCHES
10897,Peeled Garlic,NO MATCHES,NO MATCHES,NO MATCHES
10898,Spanish Onions Large,NO MATCHES,NO MATCHES,NO MATCHES
10899,Elephant Garlic,NO MATCHES,NO MATCHES,NO MATCHES
10900,White Pearl Onions,NO MATCHES,NO MATCHES,NO MATCHES
10901,Sweet Potatoes,"Sweet potato leaves, raw",none,11505
10901,Sweet Potatoes,"Sweet potato, raw, unprepared (Includes foods for USDA's Food Distribution Program)",none,11507
10901,Sweet Potatoes,"Sweet potato, canned, mashed",none,11514
10901,Sweet Potatoes,"Sweet potato, frozen, unprepared (Includes foods for USDA's Food Distribution Program)",none,11516
10901,Sweet Potatoes,"Sweet Potato puffs, frozen, unprepared",none,31025
10901,Sweet Potatoes,"Sweet potato leaves, cooked, steamed, without salt",none,11506
10901,Sweet Potatoes,"Sweet potato, cooked, boiled, without skin",none,11510
10901,Sweet Potatoes,"Sweet potato, frozen, cooked, baked, without salt",none,11517
10901,Sweet Potatoes,"Sweet potato, canned, syrup pack, solids and liquids",none,11645
10901,Sweet Potatoes,"Sweet potato, canned, syrup pack, drained solids",none,11647
10901,Sweet Potatoes,"Sweet potato, cooked, candied, home-prepared",none,11659
10901,Sweet Potatoes,"Sweet potato leaves, cooked, steamed, with salt",none,11874
10901,Sweet Potatoes,"Sweet potato, frozen, cooked, baked, with salt",none,11877
10901,Sweet Potatoes,"Sweet Potatoes, french fried, crosscut, frozen, unprepared",none,31024
10901,Sweet Potatoes,"Sweet potato, cooked, baked in skin, flesh, without salt",none,11508
10901,Sweet Potatoes,"Sweet potato, cooked, baked in skin, flesh, with salt",none,11875
10901,Sweet Potatoes,"Sweet potato, cooked, boiled, without skin, with salt",none,11876
10901,Sweet Potatoes,"Sweet Potatoes, french fried, frozen as packaged, salt added in processing",none,31023
10901,Sweet Potatoes,"Sweet potato, canned, vacuum pack",none,11512
10902,Russet Potatoes Extra Large,NO MATCHES,NO MATCHES,NO MATCHES
10903,Howes Idaho Russet Potatoes,"Potatoes, russet, flesh and skin, raw (Includes foods for USDA's Food Distribution Program)",none,11353
10903,Howes Idaho Russet Potatoes,"Potatoes, Russet, flesh and skin, baked",none,11356
10904,"Overwrapped Russet Potatoes, Microwaveable",NO MATCHES,NO MATCHES,NO MATCHES
10905,Howes Gold Potatoes,NO MATCHES,NO MATCHES,NO MATCHES
10906,Howes Petite Red Potatoes,"Potatoes, red, flesh and skin, raw",none,11355
10906,Howes Petite Red Potatoes,"Potatoes, red, flesh and skin, baked",none,11358
10907,Howes Red Potatoes,"Potatoes, red, flesh and skin, raw",none,11355
10907,Howes Red Potatoes,"Potatoes, red, flesh and skin, baked",none,11358
10908,"Overwrapped Sweet Potatoes, Microwaveable",NO MATCHES,NO MATCHES,NO MATCHES
10909,"Potato Inspirations Potatoes, Honey Gold, 2 Bites",NO MATCHES,NO MATCHES,NO MATCHES
10910,"Fresh from the Start Potatoes, Baking, Premium Russet",NO MATCHES,NO MATCHES,NO MATCHES
10911,Red Potatoes Jumbo,"Potatoes, red, flesh and skin, raw",none,11355
10911,Red Potatoes Jumbo,"Potatoes, red, flesh and skin, baked",none,11358
10912,Petite Red Potatoes,"Potatoes, red, flesh and skin, raw",none,11355
10912,Petite Red Potatoes,"Potatoes, red, flesh and skin, baked",none,11358
10913,"Melissas Potatoes, Yellow, Baby Dutch",NO MATCHES,NO MATCHES,NO MATCHES
10914,"Potato Inspirations Potatoes, Enchanted Rose, 2 Bites",NO MATCHES,NO MATCHES,NO MATCHES
10915,Sunlite Potatoes,NO MATCHES,NO MATCHES,NO MATCHES
10916,"Potato Inspirations Potatoes, Celebration Blend, 2 Bites",NO MATCHES,NO MATCHES,NO MATCHES
10917,Howes White Potatoes,"Potatoes, white, flesh and skin, raw",none,11354
10917,Howes White Potatoes,"Potatoes, white, flesh and skin, baked",none,11357
10918,"George Foods Sweet Potatoes, Petite",NO MATCHES,NO MATCHES,NO MATCHES
10919,"Potato Inspirations Potatoes, Fingerling Medley",NO MATCHES,NO MATCHES,NO MATCHES
10920,"Potato Inspirations Potatoes, Purple Splendor, 2 Bites",NO MATCHES,NO MATCHES,NO MATCHES
10921,Gold Potatoes,NO MATCHES,NO MATCHES,NO MATCHES
10922,Tomatoes on the Vine,NO MATCHES,NO MATCHES,NO MATCHES
10923,Vine-Ripe Tomatoes,NO MATCHES,NO MATCHES,NO MATCHES
10924,Plum Tomatoes,NO MATCHES,NO MATCHES,NO MATCHES
10925,Campari Tomatoes,NO MATCHES,NO MATCHES,NO MATCHES
10926,Beefsteak Tomato,NO MATCHES,NO MATCHES,NO MATCHES
10927,"Village Farms Tomatoes, Heavenly Villagio Marzano",NO MATCHES,NO MATCHES,NO MATCHES
10928,Sunset One Sweet Tomatoes,NO MATCHES,NO MATCHES,NO MATCHES
10929,Tasti-Lee Tomatoes,NO MATCHES,NO MATCHES,NO MATCHES
10930,Ugly Ripe Tomato,"Tomatoes, red, ripe, canned, packed in tomato juice",none,11531
10930,Ugly Ripe Tomato,"Tomatoes, red, ripe, canned, packed in tomato juice, no salt added",none,11885
10930,Ugly Ripe Tomato,"Tomatoes, red, ripe, cooked",none,11530
10930,Ugly Ripe Tomato,"Tomatoes, red, ripe, canned, stewed",none,11533
10930,Ugly Ripe Tomato,"Tomatoes, red, ripe, cooked, stewed",none,11660
10930,Ugly Ripe Tomato,"Tomatoes, red, ripe, raw, year round average",none,11529
10930,Ugly Ripe Tomato,"Tomatoes, red, ripe, canned, with green chilies",none,11537
10930,Ugly Ripe Tomato,"Tomatoes, red, ripe, cooked, with salt",none,11884
10931,Green Tomatoes,"Tomatoes, green, raw",none,11527
10931,Green Tomatoes,"Tomatoes, red, ripe, canned, with green chilies",none,11537
10931,Green Tomatoes,"Tomato products, canned, sauce, with onions, green peppers, and celery",none,11557
10932,Tomatillos,"Tomatillos, raw",none,11954
10933,Yellow Tomatoes,"Tomatoes, yellow, raw",none,11696
10934,Cherubs Tomatoes,NO MATCHES,NO MATCHES,NO MATCHES
10935,Bananas,"Bananas, dehydrated, or banana powder",none,09041
10935,Bananas,"Bananas, raw",none,09040
10935,Bananas,"Fruit juice smoothie, BOLTHOUSE FARMS, strawberry banana","Wm. Bolthouse Farms, Inc.",09516
10935,Bananas,"Fruit juice smoothie, ODWALLA, strawberry banana",Odwalla,09530
10935,Bananas,"Fruit juice smoothie, NAKED JUICE, strawberry banana","Naked Juice Co. of Glendora, Inc.",09531
10935,Bananas,"Fruit salad, (pineapple and papaya and banana and guava), tropical, canned, heavy syrup, solids and liquids",none,09325
10935,Bananas,SILK Banana-Strawberry soy yogurt,WhiteWave Foods Company,16259
10935,Bananas,"Pepper, banana, raw",none,11976
10936,Hass Avocados,NO MATCHES,NO MATCHES,NO MATCHES
10937,Kiwi Fruit,NO MATCHES,NO MATCHES,NO MATCHES
10938,Mango,"Mangos, raw",none,09176
10938,Mango,"Mango, dried, sweetened",none,09178
10938,Mango,"Mango nectar, canned",none,09436
10938,Mango,"Fruit juice smoothie, NAKED JUICE, MIGHTY MANGO","Naked Juice Co. of Glendora, Inc.",09507
10939,Chiquita Green Plantain,"Plantains, green, fried",none,09446
10939,Chiquita Green Plantain,"Plantains, green, raw",none,09542
10939,Chiquita Green Plantain,"Plantains, green, boiled",none,09543
10940,Green Avocados,NO MATCHES,NO MATCHES,NO MATCHES
10941,Maradol Papaya,NO MATCHES,NO MATCHES,NO MATCHES
10942,Manzano Bananas,NO MATCHES,NO MATCHES,NO MATCHES
10943,Aloe Leaves,NO MATCHES,NO MATCHES,NO MATCHES
10944,Solo Papaya,NO MATCHES,NO MATCHES,NO MATCHES
10945,Coconut,"Nuts, coconut water (liquid from coconuts)",none,12119
10945,Coconut,"Nuts, coconut meat, raw",none,12104
10945,Coconut,"Nuts, coconut meat, dried (desiccated), toasted",none,12114
10945,Coconut,"Nuts, coconut meat, dried (desiccated), creamed",none,12177
10945,Coconut,"Nuts, coconut meat, dried (desiccated), not sweetened",none,12108
10945,Coconut,"Nuts, coconut meat, dried (desiccated), sweetened, flaked, packaged",none,12109
10945,Coconut,"Nuts, coconut meat, dried (desiccated), sweetened, flaked, canned",none,12110
10945,Coconut,"Nuts, coconut meat, dried (desiccated), sweetened, shredded",none,12179
10945,Coconut,"Nuts, coconut cream, raw (liquid expressed from grated meat)",none,12115
10945,Coconut,"Nuts, coconut milk, raw (liquid expressed from grated meat and water)",none,12117
10945,Coconut,"Nuts, coconut milk, canned (liquid expressed from grated meat and water)",none,12118
10945,Coconut,"Nuts, coconut milk, frozen (liquid expressed from grated meat and water)",none,12176
10945,Coconut,"Nuts, coconut cream, canned, sweetened",none,12116
10946,Honey Mango,NO MATCHES,NO MATCHES,NO MATCHES
10947,Thai Guava,NO MATCHES,NO MATCHES,NO MATCHES
10948,Chiquita Green Cooking Bananas,NO MATCHES,NO MATCHES,NO MATCHES
10949,Chiquita Ripe Plantain,NO MATCHES,NO MATCHES,NO MATCHES
10950,Mighties Kiwi,NO MATCHES,NO MATCHES,NO MATCHES
10951,Broccoli Organic,NO MATCHES,NO MATCHES,NO MATCHES
10952,Cauliflower Organic,NO MATCHES,NO MATCHES,NO MATCHES
10953,Organic Kale Green,NO MATCHES,NO MATCHES,NO MATCHES
10954,GreenWise Organic Zucchini Squash Wrapped,NO MATCHES,NO MATCHES,NO MATCHES
10955,GreenWise Organic Combo Squash Wrapped,NO MATCHES,NO MATCHES,NO MATCHES
10956,GreenWise Organic Yellow Squash Wrapped,NO MATCHES,NO MATCHES,NO MATCHES
10957,Organic Green Beans,"Vegetables, mixed (corn, lima beans, peas, green beans, carrots) canned, no salt added",none,43312
10957,Organic Green Beans,"Beans, snap, green, raw",none,11052
10957,Organic Green Beans,"Beans, snap, green, microwaved",none,11063
10957,Organic Green Beans,"Beans, snap, green, frozen, all styles, unprepared (Includes foods for USDA's Food Distribution Program)",none,11060
10957,Organic Green Beans,"Beans, snap, green, frozen, all styles, microwaved",none,11062
10957,Organic Green Beans,"Beans, snap, green, cooked, boiled, drained, without salt",none,11053
10957,Organic Green Beans,"Beans, snap, green, canned, regular pack, solids and liquids",none,11054
10957,Organic Green Beans,"Beans, snap, green, canned, regular pack, drained solids",none,11056
10957,Organic Green Beans,"Beans, snap, green, frozen, cooked, boiled, drained without salt",none,11061
10957,Organic Green Beans,"Beans, snap, green, cooked, boiled, drained, with salt",none,11723
10957,Organic Green Beans,"Beans, snap, green, canned, no salt added, solids and liquids",none,11726
10957,Organic Green Beans,"Beans, snap, green, canned, no salt added, drained solids",none,11729
10957,Organic Green Beans,"Beans, snap, green, frozen, cooked, boiled, drained, with salt",none,11731
10958,"Cal Organic Farms Collard Greens, Organic",NO MATCHES,NO MATCHES,NO MATCHES
10959,Organic Fennel,NO MATCHES,NO MATCHES,NO MATCHES
10960,Organic Chard Red,NO MATCHES,NO MATCHES,NO MATCHES
10961,Broccoli,"Broccoli raab, raw",none,11096
10961,Broccoli,"Broccoli raab, cooked",none,11097
10961,Broccoli,"Broccoli, raw",none,11090
10961,Broccoli,"Broccoli, frozen, chopped, unprepared",none,11092
10961,Broccoli,"Broccoli, frozen, spears, unprepared (Includes foods for USDA's Food Distribution Program)",none,11094
10961,Broccoli,"Broccoli, leaves, raw",none,11739
10961,Broccoli,"Broccoli, flower clusters, raw",none,11740
10961,Broccoli,"Broccoli, stalks, raw",none,11741
10961,Broccoli,"Broccoli, chinese, cooked",none,11969
10961,Broccoli,"Broccoli, chinese, raw",none,11994
10961,Broccoli,"Broccoli, cooked, boiled, drained, without salt",none,11091
10961,Broccoli,"Broccoli, cooked, boiled, drained, with salt",none,11742
10961,Broccoli,"Broccoli, frozen, chopped, cooked, boiled, drained, without salt",none,11093
10961,Broccoli,"Broccoli, frozen, spears, cooked, boiled, drained, without salt",none,11095
10961,Broccoli,"Broccoli, frozen, chopped, cooked, boiled, drained, with salt",none,11743
10961,Broccoli,"Broccoli, frozen, spears, cooked, boiled, drained, with salt",none,11744
10962,Broccoli Crowns,NO MATCHES,NO MATCHES,NO MATCHES
10963,Howes Broccoli Florets,NO MATCHES,NO MATCHES,NO MATCHES
10964,Rapini,"Broccoli raab, raw",none,11096
10964,Rapini,"Broccoli raab, cooked",none,11097
10965,Broccolini,NO MATCHES,NO MATCHES,NO MATCHES
10966,Yellow Corn,"Corn, yellow, whole kernel, frozen, microwaved",none,11182
10966,Yellow Corn,"Corn, sweet, yellow, raw",none,11167
10966,Yellow Corn,"Corn, sweet, yellow, frozen, kernels on cob, unprepared",none,11180
10966,Yellow Corn,"Corn, sweet, yellow, cooked, boiled, drained, without salt",none,11168
10966,Yellow Corn,"Corn, sweet, yellow, canned, brine pack, regular pack, solids and liquids",none,11170
10966,Yellow Corn,"Corn, sweet, yellow, canned, whole kernel, drained solids",none,11172
10966,Yellow Corn,"Corn, sweet, yellow, canned, cream style, regular pack",none,11174
10966,Yellow Corn,"Corn, sweet, yellow, canned, vacuum pack, regular pack",none,11176
10966,Yellow Corn,"Corn, sweet, yellow, frozen, kernels cut off cob, unprepared (Includes foods for USDA's Food Distribution Program)",none,11178
10966,Yellow Corn,"Corn, sweet, yellow, cooked, boiled, drained, with salt",none,11770
10966,Yellow Corn,"Corn, sweet, yellow, canned, no salt added, solids and liquids (Includes foods for USDA's Food Distribution Program)",none,11771
10966,Yellow Corn,"Corn, sweet, yellow, canned, cream style, no salt added",none,11772
10966,Yellow Corn,"Corn, sweet, yellow, canned, vacuum pack, no salt added",none,11773
10966,Yellow Corn,"Corn, sweet, yellow, canned, drained solids, rinsed with tap water",none,11177
10966,Yellow Corn,"Corn, sweet, yellow, frozen, kernels cut off cob, boiled, drained, without salt",none,11179
10966,Yellow Corn,"Corn, sweet, yellow, frozen, kernels on cob, cooked, boiled, drained, without salt",none,11181
10966,Yellow Corn,"Corn, sweet, yellow, frozen, kernels, cut off cob, boiled, drained, with salt",none,11774
10966,Yellow Corn,"Corn, sweet, yellow, frozen, kernels on cob, cooked, boiled, drained, with salt",none,11775
10967,Bi-Color Corn 4 Pack,NO MATCHES,NO MATCHES,NO MATCHES
10968,Yellow Corn 4 Pack,"Corn, sweet, yellow, canned, brine pack, regular pack, solids and liquids",none,11170
10968,Yellow Corn 4 Pack,"Corn, sweet, yellow, canned, vacuum pack, regular pack",none,11176
10968,Yellow Corn 4 Pack,"Corn, sweet, yellow, canned, cream style, regular pack",none,11174
10968,Yellow Corn 4 Pack,"Corn, sweet, yellow, canned, vacuum pack, no salt added",none,11773
10969,Bi-Color Corn,NO MATCHES,NO MATCHES,NO MATCHES
10970,White Corn,"Corn, sweet, white, raw",none,11900
10970,White Corn,"Corn, sweet, white, frozen, kernels on cob, unprepared",none,11913
10970,White Corn,"Corn, sweet, white, cooked, boiled, drained, without salt",none,11901
10970,White Corn,"Corn, sweet, white, cooked, boiled, drained, with salt",none,11902
10970,White Corn,"Corn, sweet, white, canned, whole kernel, regular pack, solids and liquids",none,11903
10970,White Corn,"Corn, sweet, white, canned, whole kernel, no salt added, solids and liquids",none,11904
10970,White Corn,"Corn, sweet, white, canned, whole kernel, drained solids",none,11905
10970,White Corn,"Corn, sweet, white, canned, cream style, regular pack",none,11906
10970,White Corn,"Corn, sweet, white, canned, cream style, no salt added",none,11907
10970,White Corn,"Corn, sweet, white, canned, vacuum pack, regular pack",none,11908
10970,White Corn,"Corn, sweet, white, canned, vacuum pack, no salt added",none,11909
10970,White Corn,"Corn, sweet, white, frozen, kernels cut off cob, unprepared",none,11910
10970,White Corn,"Corn, sweet, white, frozen, kernels cut off cob, boiled, drained, without salt",none,11911
10970,White Corn,"Corn, sweet, white, frozen, kernels cut off cob, boiled, drained, with salt",none,11912
10970,White Corn,"Corn, sweet, white, frozen, kernels on cob, cooked, boiled, drained, without salt",none,11914
10970,White Corn,"Corn, sweet, white, frozen, kernels on cob, cooked, boiled, drained, with salt",none,11915
10971,White Corn 4 Pack,"Corn, sweet, white, canned, vacuum pack, regular pack",none,11908
10971,White Corn 4 Pack,"Corn, sweet, white, canned, whole kernel, regular pack, solids and liquids",none,11903
10971,White Corn 4 Pack,"Corn, sweet, white, canned, cream style, regular pack",none,11906
10971,White Corn 4 Pack,"Corn, sweet, white, canned, vacuum pack, no salt added",none,11909
10972,Asparagus,"Asparagus, raw",none,11011
10972,Asparagus,"Asparagus, cooked, boiled, drained",none,11012
10972,Asparagus,"Asparagus, canned, drained solids",none,11015
10972,Asparagus,"Asparagus, frozen, unprepared",none,11018
10972,Asparagus,"Asparagus, canned, regular pack, solids and liquids",none,11013
10972,Asparagus,"Asparagus, frozen, cooked, boiled, drained, without salt",none,11019
10972,Asparagus,"Asparagus, cooked, boiled, drained, with salt",none,11705
10972,Asparagus,"Asparagus, canned, no salt added, solids and liquids",none,11707
10972,Asparagus,"Asparagus, frozen, cooked, boiled, drained, with salt",none,11709
10973,"Pero Sweet Peppers, Mini",NO MATCHES,NO MATCHES,NO MATCHES
10974,Jalapeno Peppers,"Peppers, jalapeno, raw",none,11979
10974,Jalapeno Peppers,"Peppers, jalapeno, canned, solids and liquids",none,11632
10975,"Pero Peppers, Sweet, Mini",NO MATCHES,NO MATCHES,NO MATCHES
10976,Poblano Peppers,NO MATCHES,NO MATCHES,NO MATCHES
10977,Cubanelle Peppers,NO MATCHES,NO MATCHES,NO MATCHES
10978,Hungarian Wax Peppers,"Peppers, hungarian, raw",none,11981
10979,Red Chile Peppers,"Spices, pepper, red or cayenne",none,02031
10979,Red Chile Peppers,"Peppers, hot chile, sun-dried",none,11962
10979,Red Chile Peppers,"Peppers, sweet, red, raw",none,11821
10979,Red Chile Peppers,"Peppers, sweet, red, sauteed",none,11921
10979,Red Chile Peppers,"Peppers, hot chili, red, raw",none,11819
10979,Red Chile Peppers,"Peppers, sweet, red, freeze-dried",none,11931
10979,Red Chile Peppers,"Peppers, sweet, red, canned, solids and liquids",none,11916
10979,Red Chile Peppers,"Peppers, sweet, red, frozen, chopped, unprepared",none,11917
10979,Red Chile Peppers,"Corn with red and green peppers, canned, solids and liquids",none,11184
10979,Red Chile Peppers,"Peppers, hot chili, red, canned, excluding seeds, solids and liquids",none,11820
10979,Red Chile Peppers,"Peppers, sweet, red, cooked, boiled, drained, without salt",none,11823
10979,Red Chile Peppers,"Peppers, sweet, red, cooked, boiled, drained, with salt",none,11824
10979,Red Chile Peppers,"Peppers, sweet, red, frozen, chopped, boiled, drained, without salt",none,11918
10979,Red Chile Peppers,"Peppers, sweet, red, frozen, chopped, boiled, drained, with salt",none,11919
10980,Fingerhot Peppers,NO MATCHES,NO MATCHES,NO MATCHES
10981,Serrano Peppers,"Peppers, serrano, raw",none,11977
10982,Habanero Peppers,NO MATCHES,NO MATCHES,NO MATCHES
10983,Scotch Bonnet Hot Peppers,NO MATCHES,NO MATCHES,NO MATCHES
10984,Cauliflower,"Cauliflower, raw",none,11135
10984,Cauliflower,"Cauliflower, frozen, unprepared",none,11137
10984,Cauliflower,"Cauliflower, green, raw",none,11965
10984,Cauliflower,"Cauliflower, green, cooked, with salt",none,11968
10984,Cauliflower,"Cauliflower, cooked, boiled, drained, without salt",none,11136
10984,Cauliflower,"Cauliflower, frozen, cooked, boiled, drained, without salt",none,11138
10984,Cauliflower,"Cauliflower, cooked, boiled, drained, with salt",none,11761
10984,Cauliflower,"Cauliflower, frozen, cooked, boiled, drained, with salt",none,11762
10984,Cauliflower,"Cauliflower, green, cooked, no salt added",none,11967
10984,Cauliflower,"Pickles, chowchow, with cauliflower onion mustard, sweet",none,11983
10985,Howes Sliced Baby Portabella Mushrooms,NO MATCHES,NO MATCHES,NO MATCHES
10986,"Monterey Clean N Ready Mushrooms, Sliced",NO MATCHES,NO MATCHES,NO MATCHES
10987,Howes White Whole Mushrooms,"Mushrooms, white, raw",none,11260
10987,Howes White Whole Mushrooms,"Mushrooms, white, stir-fried",none,11263
10987,Howes White Whole Mushrooms,"Mushrooms, white, microwaved",none,11992
10987,Howes White Whole Mushrooms,"Mushrooms, white, cooked, boiled, drained, without salt",none,11261
10987,Howes White Whole Mushrooms,"Mushrooms, white, cooked, boiled, drained, with salt",none,11797
10987,Howes White Whole Mushrooms,"Mushroom, white, exposed to ultraviolet light, raw",none,11938
10987,Howes White Whole Mushrooms,"Corn, sweet, white, canned, whole kernel, regular pack, solids and liquids",none,11903
10987,Howes White Whole Mushrooms,"Corn, sweet, white, canned, whole kernel, no salt added, solids and liquids",none,11904
10987,Howes White Whole Mushrooms,"Corn, sweet, white, canned, whole kernel, drained solids",none,11905
10988,Zucchini Squash,"Squash, zucchini, baby, raw",none,11953
10988,Zucchini Squash,"Squash, summer, zucchini, includes skin, raw",none,11477
10988,Zucchini Squash,"Squash, summer, zucchini, includes skin, frozen, unprepared",none,11479
10988,Zucchini Squash,"Squash, summer, zucchini, italian style, canned",none,11481
10988,Zucchini Squash,"Squash, summer, zucchini, includes skin, cooked, boiled, drained, without salt",none,11478
10988,Zucchini Squash,"Squash, summer, zucchini, includes skin, cooked, boiled, drained, with salt",none,11861
10988,Zucchini Squash,"Squash, summer, zucchini, includes skin, frozen, cooked, boiled, drained, without salt",none,11480
10988,Zucchini Squash,"Squash, summer, zucchini, includes skin, frozen, cooked, boiled, drained, with salt",none,11862
10989,Yellow Squash,NO MATCHES,NO MATCHES,NO MATCHES
10990,Butternut Squash,"Squash, winter, butternut, raw",none,11485
10990,Butternut Squash,"Squash, winter, butternut, frozen, unprepared",none,11487
10990,Butternut Squash,"Squash, winter, butternut, cooked, baked, without salt",none,11486
10990,Butternut Squash,"Squash, winter, butternut, cooked, baked, with salt",none,11866
10990,Butternut Squash,"Squash, winter, butternut, frozen, cooked, boiled, without salt",none,11488
10990,Butternut Squash,"Squash, winter, butternut, frozen, cooked, boiled, with salt",none,11867
10991,Spaghetti Squash,"Squash, winter, spaghetti, raw",none,11492
10991,Spaghetti Squash,"Squash, winter, spaghetti, cooked, boiled, drained, or baked, without salt",none,11493
10991,Spaghetti Squash,"Squash, winter, spaghetti, cooked, boiled, drained, or baked, with salt",none,11870
10992,Acorn Squash,"Squash, winter, acorn, raw",none,11482
10992,Acorn Squash,"Squash, winter, acorn, cooked, baked, without salt",none,11483
10992,Acorn Squash,"Squash, winter, acorn, cooked, baked, with salt",none,11864
10992,Acorn Squash,"Squash, winter, acorn, cooked, boiled, mashed, without salt",none,11484
10992,Acorn Squash,"Squash, winter, acorn, cooked, boiled, mashed, with salt",none,11865
10993,Zucchini Squash,"Squash, zucchini, baby, raw",none,11953
10993,Zucchini Squash,"Squash, summer, zucchini, includes skin, raw",none,11477
10993,Zucchini Squash,"Squash, summer, zucchini, includes skin, frozen, unprepared",none,11479
10993,Zucchini Squash,"Squash, summer, zucchini, italian style, canned",none,11481
10993,Zucchini Squash,"Squash, summer, zucchini, includes skin, cooked, boiled, drained, without salt",none,11478
10993,Zucchini Squash,"Squash, summer, zucchini, includes skin, cooked, boiled, drained, with salt",none,11861
10993,Zucchini Squash,"Squash, summer, zucchini, includes skin, frozen, cooked, boiled, drained, without salt",none,11480
10993,Zucchini Squash,"Squash, summer, zucchini, includes skin, frozen, cooked, boiled, drained, with salt",none,11862
10994,Yellow Squash,NO MATCHES,NO MATCHES,NO MATCHES
10995,Buttercup Squash,NO MATCHES,NO MATCHES,NO MATCHES
10996,Cabbage Green,NO MATCHES,NO MATCHES,NO MATCHES
10997,Cabbage Red,"Cabbage, red, raw",none,11112
10997,Cabbage Red,"Cabbage, red, cooked, boiled, drained, without salt",none,11113
10997,Cabbage Red,"Cabbage, red, cooked, boiled, drained, with salt",none,11752
10998,Nappa,NO MATCHES,NO MATCHES,NO MATCHES
10999,Cabbage Savoy,"Cabbage, savoy, raw",none,11114
10999,Cabbage Savoy,"Cabbage, savoy, cooked, boiled, drained, without salt",none,11115
10999,Cabbage Savoy,"Cabbage, savoy, cooked, boiled, drained, with salt",none,11753
11000,"Howes Fruit Salad, Medium","Fruit salad, (peach and pear and apricot and pineapple and cherry), canned, juice pack, solids and liquids",none,09103
11000,"Howes Fruit Salad, Medium","Fruit salad, (peach and pear and apricot and pineapple and cherry), canned, light syrup, solids and liquids",none,09104
11000,"Howes Fruit Salad, Medium","Fruit salad, (peach and pear and apricot and pineapple and cherry), canned, water pack, solids and liquids",none,09102
11000,"Howes Fruit Salad, Medium","Fruit salad, (peach and pear and apricot and pineapple and cherry), canned, extra heavy syrup, solids and liquids",none,09106
11000,"Howes Fruit Salad, Medium","Fruit salad, (pineapple and papaya and banana and guava), tropical, canned, heavy syrup, solids and liquids",none,09325
11001,"Howes Red Seedless Watermelon, Quarter",NO MATCHES,NO MATCHES,NO MATCHES
11002,"Howes Red Seedless Watermelon Chunks, Medium",NO MATCHES,NO MATCHES,NO MATCHES
11003,"Howes Pineapple Chunks, Small","Pineapple, frozen, chunks, sweetened",none,09272
11004,"Howes Red Seedless Watermelon Chunks, Small",NO MATCHES,NO MATCHES,NO MATCHES
11005,"Howes Fruit Salad, Small","Fruit salad, (peach and pear and apricot and pineapple and cherry), canned, juice pack, solids and liquids",none,09103
11005,"Howes Fruit Salad, Small","Fruit salad, (peach and pear and apricot and pineapple and cherry), canned, light syrup, solids and liquids",none,09104
11005,"Howes Fruit Salad, Small","Fruit salad, (peach and pear and apricot and pineapple and cherry), canned, water pack, solids and liquids",none,09102
11005,"Howes Fruit Salad, Small","Fruit salad, (peach and pear and apricot and pineapple and cherry), canned, extra heavy syrup, solids and liquids",none,09106
11005,"Howes Fruit Salad, Small","Fruit salad, (pineapple and papaya and banana and guava), tropical, canned, heavy syrup, solids and liquids",none,09325
11006,"Howes Red Seedless Watermelon, Wedge",NO MATCHES,NO MATCHES,NO MATCHES
11007,"Howes Pineapple, Peeled and Cored",NO MATCHES,NO MATCHES,NO MATCHES
11008,"Howes Cantaloupe, Slices",NO MATCHES,NO MATCHES,NO MATCHES
11009,"Howes Cantaloupe Chunks, Small",NO MATCHES,NO MATCHES,NO MATCHES
11011,"Howes Pineapple Chunks, Medium","Pineapple, frozen, chunks, sweetened",none,09272
11012,Howes Mixed Melon Chunks Small,NO MATCHES,NO MATCHES,NO MATCHES
11013,"Howes Honeydew Chunks, Small",NO MATCHES,NO MATCHES,NO MATCHES
11015,"Howes Tropical Fruit Salad, Small","Fruit salad, (pineapple and papaya and banana and guava), tropical, canned, heavy syrup, solids and liquids",none,09325
11016,"Howes Cantaloupe Chunks, Medium",NO MATCHES,NO MATCHES,NO MATCHES
11017,"Howes Fruit Salad, Large","Fruit salad, (peach and pear and apricot and pineapple and cherry), canned, juice pack, solids and liquids",none,09103
11017,"Howes Fruit Salad, Large","Fruit salad, (peach and pear and apricot and pineapple and cherry), canned, light syrup, solids and liquids",none,09104
11017,"Howes Fruit Salad, Large","Fruit salad, (peach and pear and apricot and pineapple and cherry), canned, water pack, solids and liquids",none,09102
11017,"Howes Fruit Salad, Large","Fruit salad, (peach and pear and apricot and pineapple and cherry), canned, extra heavy syrup, solids and liquids",none,09106
11017,"Howes Fruit Salad, Large","Fruit salad, (pineapple and papaya and banana and guava), tropical, canned, heavy syrup, solids and liquids",none,09325
11018,Pineapple Cup,NO MATCHES,NO MATCHES,NO MATCHES
11019,Cantaloupe,"Melons, cantaloupe, raw",none,09181
11020,Honeydew,"Melons, honeydew, raw",none,09184
11021,Red Seedless Watermelon,"Grapes, red or green (European type, such as Thompson seedless), raw",none,09132
11022,Mini Red Seedless Watermelon,NO MATCHES,NO MATCHES,NO MATCHES
11023,Sugarkiss Melon,NO MATCHES,NO MATCHES,NO MATCHES
11024,Bartlett Pears Large,"Pears, raw, bartlett (Includes foods for USDA's Food Distribution Program)",none,09412
11025,Bosc Pears Large,"Pears, raw, bosc (Includes foods for USDA's Food Distribution Program)",none,09414
11026,Red Pears Large,"Pears, raw, red anjou",none,09413
